Interval,CPU_Usage (%),Memory_Usage (MB),CPU_Num,Num_Threads,Open_Files,Context_Switches,Child Processes
1,0.0,6.92578125,[21],33,2,27,0
2,128.4,7.94921875,[21],33,2,1611,0
3,107.6,8.98828125,[21],33,2,3464,0
4,114.6,9.23046875,[21],33,2,5088,0
5,108.6,9.23046875,[21],33,2,6869,0
