Interval,CPU_Usage (%),Memory_Usage (MB),CPU_Num,Num_Threads,Open_Files,Context_Switches,Child Processes
1,0.0,6.9296875,[3],33,2,31,0
2,157.0,7.98046875,[3],33,2,1996,0
3,129.3,9.75390625,[3],33,2,3843,0
4,116.5,9.75390625,[3],33,2,5805,0
5,114.5,9.7578125,[3],33,2,7871,0
6,132.4,9.82421875,[23],33,2,9996,0
7,114.6,9.8515625,[9],33,2,12168,0
8,125.6,9.8515625,[8],33,2,14584,0
