Interval,CPU_Usage (%),Memory_Usage (MB),CPU_Num,Num_Threads,Open_Files,Context_Switches,Child Processes
1,0.0,8.015625,[19],1,1,1,0
2,282.5,758.66015625,"[0, 3, 5, 7, 9, 11, 13, 15, 16, 18, 20, 22, 24, 26, 28, 30]",31,16,6947,15
3,808.9999999999999,762.28125,"[0, 3, 5, 7, 9, 11, 13, 15, 16, 18, 20, 22, 24, 26, 28, 30]",31,16,33657,15
4,884.2999999999998,765.55859375,"[0, 2, 5, 6, 9, 11, 13, 15, 16, 19, 20, 23, 24, 26, 28, 30]",31,16,58935,15
5,832.4999999999999,768.45703125,"[0, 2, 5, 6, 9, 11, 13, 15, 16, 19, 20, 23, 24, 26, 28, 30]",31,16,85154,15
6,777.6,769.015625,"[0, 2, 5, 6, 9, 11, 13, 15, 16, 19, 20, 23, 24, 26, 28, 30]",31,16,111851,15
7,787.0,770.515625,"[0, 2, 5, 6, 9, 11, 13, 15, 16, 19, 20, 23, 24, 26, 28, 30]",31,16,138268,15
8,393.09999999999985,725.1171875,"[0, 2, 5, 6, 9, 11, 13, 15, 16, 19, 20, 23, 24, 26, 28, 30]",30,2,142843,15
