Interval,CPU_Usage (%),Memory_Usage (MB),CPU_Num,Num_Threads,Open_Files,Context_Switches,Child Processes
1,0.0,8.0,[20],1,0,0,0
2,290.0,758.72265625,"[0, 2, 4, 6, 9, 11, 13, 14, 16, 18, 20, 22, 24, 26, 28, 30]",31,16,4189,15
3,900.5,761.41796875,"[0, 3, 5, 6, 9, 11, 13, 15, 17, 19, 20, 23, 24, 26, 28, 30]",31,16,27003,15
4,788.5999999999999,763.7890625,"[0, 2, 5, 6, 9, 11, 13, 14, 17, 19, 20, 23, 24, 26, 28, 30]",31,16,54331,15
5,390.49999999999994,627.73046875,"[0, 3, 5, 6, 9, 11, 13, 15, 17, 19, 20, 23, 24, 26, 28, 30]",28,1,58016,15
