Interval,CPU_Usage (%),Memory_Usage (MB),CPU_Num,Num_Threads,Open_Files,Context_Switches
1,0.0,1.109375,6,1,0,0
2,315.6,63.55078125,0,1,1,254
3,1.0,63.55078125,0,1,1,330
4,4.0,63.55078125,0,1,1,439
5,3.0,63.55078125,0,1,1,500
6,1.0,63.55078125,0,1,1,525
7,14.0,63.55078125,0,1,1,540
8,78.9,63.55078125,0,1,1,542
