Interval,CPU_Usage (%),Memory_Usage (MB),CPU_Num,Num_Threads,Open_Files,Context_Switches,Child Processes
1,0.0,6.921875,[17],33,2,41,0
2,255.0,26.52734375,[17],33,2,1788,0
3,178.8,30.921875,[17],33,2,3891,0
4,134.3,31.7734375,[23],33,2,5967,0
5,123.5,33.0234375,[1],33,2,7770,0
6,122.5,33.05078125,[17],33,2,9859,0
7,130.3,35.859375,[17],33,2,11703,0
8,112.6,36.80859375,[17],33,2,13582,0
9,106.6,37.98046875,[17],33,2,15441,0
