Interval,CPU_Usage (%),Memory_Usage (MB),CPU_Num,Num_Threads,Open_Files,Context_Switches
1,0.0,0.578125,27,1,1,1
2,335.1,249.91796875,27,47,39,21
3,326.2,378.5859375,27,47,39,21
4,160.6,427.390625,27,47,39,21
5,450.8,601.4140625,27,47,39,21
6,654.2,623.95703125,27,47,39,21
7,168.5,733.75,27,47,39,21
8,136.6,793.06640625,27,47,39,21
9,107.8,866.70703125,27,47,39,21
10,853.8,1063.1484375,27,47,39,21
11,1338.4,1078.74609375,27,47,39,21
12,193.5,1091.66796875,27,47,40,21
