Interval,CPU_Usage (%),Memory_Usage (MB),CPU_Num,Num_Threads,Open_Files,Context_Switches
1,0.0,3.75390625,23,1,0,0
2,276.8,63.73046875,0,1,1,210
3,37.0,63.76953125,0,1,1,562
4,71.9,63.76953125,1,1,1,635
5,0.0,63.76953125,1,1,1,681
6,15.0,63.76953125,1,1,1,882
7,64.9,63.76953125,1,1,1,907
8,99.9,63.76953125,1,1,1,911
