Interval,CPU_Usage (%),Memory_Usage (MB),CPU_Num,Num_Threads,Open_Files,Context_Switches,Child Processes
1,0.0,7.9765625,[3],1,1,0,0
2,286.0,755.7265625,"[0, 3, 5, 7, 9, 11, 13, 14, 16, 18, 21, 22, 24, 26, 28, 31]",31,16,7322,15
3,1135.1,782.625,"[0, 3, 5, 7, 9, 11, 13, 14, 16, 18, 21, 22, 24, 26, 28, 31]",31,16,26700,15
4,1088.8999999999999,789.5078125,"[0, 2, 4, 7, 9, 11, 13, 14, 17, 18, 21, 22, 24, 26, 28, 31]",31,16,53095,15
5,798.3999999999999,790.27734375,"[0, 3, 4, 7, 9, 11, 13, 14, 17, 18, 21, 22, 24, 26, 28, 31]",31,16,79570,15
6,854.8999999999999,794.19921875,"[0, 2, 4, 7, 9, 11, 13, 14, 17, 19, 21, 22, 24, 26, 28, 31]",31,16,106772,15
7,573.1,796.55859375,"[0, 2, 4, 7, 9, 11, 13, 14, 17, 19, 21, 22, 24, 26, 28, 31]",31,2,120899,15
8,209.9000000000001,410.3984375,"[0, 2, 4, 7, 9, 11, 13, 14, 17, 19, 20, 22, 24, 26, 28, 30]",23,1,120939,15
