Interval,CPU_Usage (%),Memory_Usage (MB),CPU_Num,Num_Threads,Open_Files,Context_Switches
1,0.0,3.74609375,23,1,0,0
2,256.8,63.53125,0,1,1,188
3,26.0,63.53125,1,1,1,525
4,59.9,63.59375,1,1,1,744
5,2.0,63.59375,1,1,1,815
6,13.0,63.59375,1,1,1,971
7,1.0,63.59375,1,1,1,1032
8,5.0,63.59375,1,1,1,1047
9,3.0,63.59375,1,1,1,1115
10,1.0,63.59375,1,1,1,1136
11,3.0,63.59375,1,1,1,1192
12,22.0,63.59375,1,1,1,1216
13,99.9,63.59375,1,1,1,1219
14,65.9,63.59765625,1,1,0,1297
