Interval,CPU_Usage (%),Memory_Usage (MB),CPU_Num,Num_Threads,Open_Files,Context_Switches
1,0.0,3.7578125,0,1,0,1
2,293.8,63.40234375,1,1,1,197
3,21.0,63.40234375,0,1,1,548
4,78.9,63.40234375,0,1,1,716
5,99.9,63.40234375,0,1,1,717
