Interval,CPU_Usage (%),Memory_Usage (MB),CPU_Num,Num_Threads,Open_Files,Context_Switches
1,0.0,1.77734375,19,1,0,0
2,157.8,70.5078125,19,30,2,4
3,113.9,79.1953125,19,31,2,4
4,97.9,90.92578125,19,32,2,4
5,80.9,92.15625,19,32,2,4
6,77.9,101.9765625,19,32,2,4
7,83.9,102.9609375,19,32,2,4
8,91.9,106.625,19,32,2,4
9,96.9,112.9609375,19,32,2,4
