Interval,CPU_Usage (%),Memory_Usage (MB),CPU_Num,Num_Threads,Open_Files,Context_Switches,Child Processes
1,0.0,25.39453125,"[31, 25, 11]",4,2,6,2
2,54.2,152.8515625,"[31, 25, 11, 28]",6,3,20,3
3,44.1,154.140625,"[31, 25, 11, 28]",6,3,28,3
4,46.1,154.625,"[31, 25, 11, 28]",6,3,36,3
5,43.2,156.2578125,"[31, 25, 11, 28]",6,3,45,3
