Interval,CPU_Usage (%),Memory_Usage (MB),CPU_Num,Num_Threads,Open_Files,Context_Switches
1,0.0,0.58203125,13,1,0,1
2,384.7,281.7578125,13,47,39,20
3,280.1,379.68359375,13,47,39,20
4,174.6,431.3984375,13,47,39,20
5,453.8,680.9921875,13,47,39,20
6,796.8,700.87109375,13,47,39,20
7,670.2,714.29296875,13,47,39,20
8,677.1,730.96875,13,47,39,20
9,919.6,762.09375,13,47,39,20
10,1675.4,791.33984375,13,47,39,20
11,1104.1,811.82421875,13,47,39,20
12,228.2,807.26953125,13,47,40,20
