Interval,CPU_Usage (%),Memory_Usage (MB),CPU_Num,Num_Threads,Open_Files,Context_Switches
1,0.0,1.078125,23,1,0,0
2,119.7,111.203125,23,31,22,590
3,127.7,124.78125,3,31,22,1313
4,115.7,125.18359375,3,32,23,1801
5,122.8,126.97265625,4,32,23,2390
6,124.7,127.03515625,4,32,23,3136
7,124.7,127.03515625,20,32,23,3695
8,108.8,127.03515625,20,32,23,4165
9,107.8,127.03515625,20,32,23,4492
10,104.8,127.8203125,22,32,23,5080
11,101.8,127.8203125,22,32,23,5785
