Interval,CPU_Usage (%),Memory_Usage (MB),CPU_Num,Num_Threads,Open_Files,Context_Switches
1,0.0,0.58203125,26,1,1,0
2,379.6,265.12890625,26,47,39,20
3,255.3,365.92578125,26,47,39,20
4,140.6,554.71484375,26,47,39,20
5,804.1,662.0078125,26,47,39,20
6,206.3,676.9765625,26,47,39,20
7,585.6,782.21484375,26,47,39,20
8,326.0,785.3984375,26,47,39,20
9,1033.4,845.2421875,26,47,39,20
10,814.0,867.62109375,26,47,39,20
11,757.2,887.6640625,26,47,39,20
