Interval,CPU_Usage (%),Memory_Usage (MB)
1,0.0,1.3671875
2,161.9,7.20703125
3,149.9,9.15234375
4,137.9,9.35546875
5,151.9,9.5234375
6,138.9,10.1875
7,162.9,11.13671875
8,146.9,11.13671875
9,142.9,11.37890625
10,164.9,11.875
11,143.9,11.875
12,142.9,11.875
13,139.9,11.8828125
14,149.9,11.8828125
15,127.9,11.8828125
