Interval,CPU_Usage (%),Memory_Usage (MB)
1,0.0,1.375
2,156.9,7.12890625
3,139.9,9.03515625
4,130.9,9.14453125
