Interval,CPU_Usage (%),Memory_Usage (MB),CPU_Num,Num_Threads,Open_Files,Context_Switches
1,0.0,1.42578125,12,1,0,0
2,151.9,6.98046875,12,33,2,2657
3,147.9,9.0390625,12,33,2,5157
4,135.8,9.34375,13,33,2,7229
