Interval,CPU_Usage (%),Memory_Usage (MB)
1,0.0,1.484375
2,164.9,7.01953125
3,151.9,8.89453125
4,159.9,9.05078125
