Interval,CPU_Usage (%),Memory_Usage (MB)
1,0.0,1.3203125
2,159.9,7.16796875
3,159.9,8.98046875
4,162.9,9.09765625
5,170.9,9.29296875
6,174.9,11.0625
7,169.9,11.32421875
