Interval,CPU_Usage (%),Memory_Usage (MB)
1,0.0,1.48828125
2,161.9,7.01171875
3,163.9,8.79296875
4,165.9,9.08203125
5,140.9,9.2109375
6,133.9,10.31640625
7,147.9,11.515625
8,121.9,11.515625
9,113.9,11.515625
10,107.9,11.515625
11,123.9,11.515625
12,125.9,11.80078125
13,128.9,11.80078125
14,118.9,11.80078125
15,126.9,11.80078125
16,114.9,11.80078125
17,97.9,11.8125
18,96.9,11.8125
