Interval,CPU_Usage (%),Memory_Usage (MB),CPU_Num,Num_Threads,Open_Files,Context_Switches
1,0.0,1.42578125,12,1,0,0
2,158.8,7.01171875,13,33,2,2901
3,157.8,9.28515625,0,33,2,5183
4,164.9,9.5390625,0,33,2,7942
5,163.9,9.5390625,0,33,2,10251
6,151.9,10.84765625,0,33,2,12311
7,180.9,10.98046875,0,33,2,15054
