Interval,CPU_Usage (%),Memory_Usage (MB)
1,0.0,1.31640625
2,256.8,11.07421875
3,225.9,12.76171875
4,212.9,12.76171875
5,214.9,12.796875
6,210.9,12.81640625
