Interval,CPU_Usage (%),Memory_Usage (MB)
1,0.0,1.4296875
2,183.9,11.17578125
3,145.9,12.12890625
4,142.9,12.12890625
