Interval,CPU_Usage (%),Memory_Usage (MB)
1,0.0,1.43359375
2,197.9,10.359375
3,172.9,11.77734375
4,143.9,11.77734375
5,138.0,11.8203125
6,148.9,12.12109375
7,140.0,12.125
8,152.9,12.16015625
