Interval,CPU_Usage (%),Memory_Usage (MB)
1,0.0,1.4296875
2,190.9,10.55859375
3,175.9,11.77734375
4,160.9,11.77734375
5,154.9,11.77734375
6,135.9,11.98046875
7,135.9,12.0390625
8,129.9,12.0390625
9,175.9,13.4140625
10,118.9,13.6640625
11,180.9,14.6328125
12,151.9,14.6328125
13,158.9,15.32421875
14,153.9,15.32421875
15,151.9,11.6796875
