Interval,CPU_Usage (%),Memory_Usage (MB)
1,0.0,1.37109375
2,254.9,11.859375
3,221.9,12.90625
4,211.9,12.90625
5,211.9,12.95703125
6,208.9,12.95703125
7,232.9,13.64453125
8,116.9,13.64453125
9,168.9,16.35546875
10,134.9,16.35546875
11,124.9,16.47265625
12,116.9,16.47265625
13,138.9,16.47265625
