Interval,CPU_Usage (%),Memory_Usage (MB),CPU_Num,Num_Threads,Open_Files,Context_Switches
1,0.0,1.4296875,29,1,0,0
2,191.8,10.8359375,0,33,2,2238
3,164.9,12.05078125,0,33,2,4604
4,133.9,12.05078125,0,33,2,6676
5,130.9,12.05078125,0,33,2,8636
6,136.9,12.26171875,0,33,2,10562
7,136.9,12.26171875,0,33,2,12528
8,144.9,12.328125,0,33,2,14712
9,133.9,12.328125,0,33,2,16578
