Interval,CPU_Usage (%),Memory_Usage (MB)
1,0.0,1.43359375
2,251.8,11.73046875
3,225.9,12.60546875
