Interval,CPU_Usage (%),Memory_Usage (MB),CPU_Num,Num_Threads,Open_Files,Context_Switches,Child Processes
1,0.0,14.1484375,[0],1,2,3,0
2,95.1,262.26171875,[0],3,2,494,0
3,90.2,348.9375,[0],3,2,1425,0
4,96.0,380.40625,[0],3,2,2181,0
5,89.3,389.7890625,[0],3,2,3210,0
6,71.6,396.69921875,[0],3,2,4735,0
7,72.2,408.2734375,[20],3,2,6193,0
8,93.0,436.4375,[20],3,2,7772,0
9,71.2,440.0625,[20],2,2,9027,0
10,0.0,440.0625,[20],1,2,9028,0
11,0.0,440.0625,[20],1,2,9028,0
