Interval,CPU_Usage (%),Memory_Usage (MB)
1,0.0,1.375
2,215.9,10.6796875
3,154.9,11.890625
4,162.9,11.890625
