Interval,CPU_Usage (%),Memory_Usage (MB)
1,0.0,1.4296875
2,209.8,11.10546875
3,161.9,11.98828125
4,163.9,11.98828125
5,148.9,12.02734375
6,148.9,12.02734375
7,158.9,12.02734375
