Interval,CPU_Usage (%),Memory_Usage (MB),CPU_Num,Num_Threads,Open_Files,Context_Switches
1,0.0,1.703125,14,1,0,0
2,215.8,10.74609375,15,33,2,2506
3,163.9,11.71875,15,33,2,5051
4,161.8,11.71875,15,33,2,8022
5,136.9,11.71875,15,33,2,10309
6,153.9,11.80859375,15,33,2,12925
7,158.9,11.80859375,15,33,2,15796
