Interval,CPU_Usage (%),Memory_Usage (MB)
1,0.0,1.48828125
2,224.9,11.0078125
3,176.9,12.0546875
4,175.9,12.125
5,154.9,12.125
6,170.9,12.25390625
7,166.9,12.25390625
