Interval,CPU_Usage (%),Memory_Usage (MB)
1,0.0,1.3671875
2,283.8,11.37890625
3,215.9,12.4140625
4,200.9,12.4140625
5,206.9,12.4140625
6,200.9,12.4140625
7,201.9,12.64453125
8,220.9,12.65625
9,238.9,13.16015625
10,326.9,14.90234375
11,423.8,17.0
12,495.7,17.50390625
13,497.7,17.75
14,499.7,18.21875
15,429.7,35.69140625
16,439.7,36.5859375
