Interval,CPU_Usage (%),Memory_Usage (MB)
1,0.0,1.43359375
2,217.9,10.5234375
3,161.9,11.859375
4,134.9,11.859375
