Interval,CPU_Usage (%),Memory_Usage (MB)
1,0.0,1.3203125
2,212.9,10.8984375
3,172.9,12.0
4,160.9,12.0
5,137.9,12.0
6,140.9,12.0
7,137.9,12.0
8,129.9,12.0
9,133.9,12.1015625
10,169.9,12.1015625
11,152.9,12.1015625
12,179.9,12.7734375
13,134.9,12.7734375
14,353.8,16.47265625
