Interval,CPU_Usage (%),Memory_Usage (MB),CPU_Num,Num_Threads,Open_Files,Context_Switches
1,0.0,1.58203125,30,1,0,0
2,221.8,11.47265625,0,33,2,2412
3,152.9,12.0546875,20,33,2,4811
4,143.9,12.0546875,21,33,2,6869
