Interval,CPU_Usage (%),Memory_Usage (MB)
1,0.0,0.5234375
2,223.9,10.90234375
3,156.9,12.21875
4,163.9,12.21875
5,155.9,12.21875
6,164.9,12.22265625
7,156.9,12.22265625
8,131.9,12.22265625
9,132.9,12.34765625
10,157.9,12.34765625
11,176.9,12.63671875
12,141.9,12.63671875
13,112.9,12.63671875
14,331.8,15.70703125
