Interval,CPU_Usage (%),Memory_Usage (MB),CPU_Num,Num_Threads,Open_Files,Context_Switches,Child Processes
1,0.0,8.0546875,[3],1,1,0,0
2,283.6,752.56640625,"[0, 3, 5, 7, 9, 10, 12, 14, 16, 18, 20, 22, 24, 26, 28, 31]",31,16,5960,15
3,820.7999999999998,756.8984375,"[0, 3, 5, 7, 9, 11, 13, 14, 16, 18, 20, 22, 24, 26, 28, 31]",31,16,31426,15
4,823.1999999999999,758.57421875,"[0, 3, 5, 6, 9, 11, 13, 14, 16, 18, 20, 23, 24, 27, 28, 31]",31,16,56876,15
