Interval,CPU_Usage (%),Memory_Usage (MB),CPU_Num,Num_Threads,Open_Files,Context_Switches,Child Processes
1,0.0,8.0,[19],1,1,0,0
2,263.1,751.34765625,"[0, 3, 5, 7, 9, 11, 12, 14, 16, 18, 20, 22, 24, 26, 29, 31]",31,16,6543,15
3,750.7,754.9765625,"[0, 3, 4, 7, 9, 11, 12, 14, 16, 18, 21, 22, 24, 26, 29, 31]",31,16,33172,15
4,767.1,757.0546875,"[0, 2, 4, 6, 9, 11, 12, 14, 16, 19, 21, 23, 24, 26, 29, 31]",31,16,61237,15
5,732.5000000000001,757.2734375,"[0, 2, 4, 6, 9, 11, 12, 14, 16, 19, 21, 23, 24, 26, 29, 31]",31,16,88671,15
6,779.1,758.8984375,"[0, 2, 4, 6, 9, 11, 12, 14, 16, 19, 21, 23, 24, 26, 29, 31]",31,16,115948,15
7,770.9,759.83203125,"[0, 2, 4, 6, 9, 11, 12, 14, 16, 19, 21, 23, 24, 26, 29, 31]",31,16,143596,15
8,511.29999999999995,762.52734375,"[0, 2, 4, 6, 9, 11, 12, 14, 16, 19, 21, 23, 24, 26, 29, 31]",31,1,156130,15
