Interval,CPU_Usage (%),Memory_Usage (MB),CPU_Num,Num_Threads,Open_Files,Context_Switches
1,0.0,3.74609375,23,1,0,0
2,281.8,63.51953125,0,1,1,102
3,2.0,63.51953125,0,1,1,148
4,1.0,63.55078125,0,1,1,188
5,0.0,63.55078125,0,1,1,197
6,2.0,63.55078125,0,1,1,204
7,2.0,63.55078125,0,1,1,243
8,44.0,63.55078125,0,1,1,257
