Interval,CPU_Usage (%),Memory_Usage (MB),CPU_Num,Num_Threads,Open_Files,Context_Switches,Child Processes
1,0.0,8.00390625,[20],1,1,0,0
2,271.8,739.8203125,"[0, 3, 4, 6, 9, 11, 12, 15, 16, 18, 20, 22, 24, 26, 28, 30]",24,16,9991,15
3,819.4,742.5078125,"[0, 3, 4, 7, 9, 11, 13, 15, 16, 18, 21, 22, 24, 26, 28, 30]",28,16,35290,15
4,743.4000000000001,745.1953125,"[0, 2, 4, 7, 9, 11, 13, 15, 16, 19, 21, 22, 24, 26, 28, 30]",29,16,62039,15
5,524.4,108.5234375,"[0, 3, 4, 7, 9, 11, 13, 14, 16, 18, 21, 22, 24, 26, 29, 30]",17,2,77455,15
