Interval,CPU_Usage (%),Memory_Usage (MB),CPU_Num,Num_Threads,Open_Files,Context_Switches
1,0.0,3.70703125,5,1,0,0
2,274.8,63.4453125,0,1,1,25
3,1.0,63.46875,0,1,1,36
4,0.0,63.46875,0,1,1,39
5,0.0,63.46875,0,1,1,50
6,0.0,63.46875,0,1,1,51
7,1.0,63.46875,0,1,1,66
8,28.0,63.46875,0,1,1,83
9,0.0,63.46875,0,1,1,83
