Interval,CPU_Usage (%),Memory_Usage (MB),CPU_Num,Num_Threads,Open_Files,Context_Switches,Child Processes
1,0.0,4.0546875,[12],1,2,13,0
2,54.3,12.94140625,[29],1,2,1502,0
3,38.3,13.609375,[30],1,2,3165,0
4,47.4,14.66796875,[27],1,2,4795,0
5,39.5,12.94140625,[28],1,2,6543,0
