Interval,CPU_Usage (%),Memory_Usage (MB),CPU_Num,Num_Threads,Open_Files,Context_Switches,Child Processes
1,0.0,14.20703125,[0],1,2,1,0
2,93.0,74.578125,[0],3,2,1051,0
3,86.2,105.53125,[0],3,2,2390,0
4,77.4,116.41015625,[0],3,2,4157,0
5,64.3,136.87109375,[0],2,2,5111,0
6,0.0,136.87109375,[0],1,2,5112,0
7,0.0,136.87109375,[0],1,2,5112,0
