Interval,CPU_Usage (%),Memory_Usage (MB),CPU_Num,Num_Threads,Open_Files,Context_Switches
1,0.0,1.77734375,6,1,0,0
2,119.9,63.8046875,6,23,2,4
3,94.9,71.96875,6,23,2,4
4,78.9,78.52734375,6,24,2,4
5,70.9,82.53125,6,24,2,4
