Interval,CPU_Usage (%),Memory_Usage (MB),CPU_Num,Num_Threads,Open_Files,Context_Switches,Child Processes
1,0.0,7.1328125,[20],33,2,38,0
2,108.3,11.6953125,[22],33,2,1953,0
3,118.4,12.7890625,[22],33,2,4044,0
4,113.5,16.015625,[22],33,2,5822,0
5,110.5,16.14453125,[22],33,2,7647,0
