Interval,CPU_Usage (%),Memory_Usage (MB),CPU_Num,Num_Threads,Open_Files,Context_Switches
1,0.0,3.7265625,0,1,0,0
2,266.7,63.73046875,0,1,1,92
3,14.0,63.73046875,0,1,1,190
4,11.0,63.73046875,0,1,1,272
5,74.9,63.79296875,0,1,1,304
