Interval,CPU_Usage (%),Memory_Usage (MB),CPU_Num,Num_Threads,Open_Files,Context_Switches
1,0.0,1.16796875,16,1,0,0
2,289.7,63.28515625,0,1,1,86
3,9.0,63.28515625,0,1,1,184
4,17.0,63.28515625,0,1,1,285
5,1.0,63.28515625,0,1,1,363
6,1.0,63.28515625,0,1,1,378
7,0.0,63.28515625,0,1,1,387
8,66.9,63.28515625,0,1,1,412
