Interval,CPU_Usage (%),Memory_Usage (MB),CPU_Num,Num_Threads,Open_Files,Context_Switches,Child Processes
1,0.0,8.22265625,[3],1,0,0,0
2,305.8,745.84375,"[0, 2, 5, 6, 9, 10, 13, 14, 16, 18, 20, 22, 24, 26, 29, 31]",31,16,3832,15
3,956.3,756.3671875,"[0, 3, 5, 7, 9, 11, 12, 14, 17, 18, 20, 22, 24, 26, 29, 31]",31,16,24874,15
4,873.9,759.7734375,"[0, 3, 5, 7, 8, 10, 12, 14, 16, 18, 20, 22, 25, 27, 29, 31]",31,16,50695,15
5,812.2,762.1875,"[0, 3, 5, 7, 8, 10, 12, 14, 17, 18, 20, 22, 25, 27, 29, 31]",31,16,77683,15
6,797.8,762.43359375,"[1, 3, 5, 7, 8, 10, 12, 14, 17, 18, 20, 22, 25, 27, 29, 31]",31,16,105115,15
7,795.5000000000001,764.91015625,"[1, 3, 5, 7, 8, 10, 12, 14, 17, 18, 20, 22, 25, 27, 29, 31]",31,2,131841,15
