Interval,CPU_Usage (%),Memory_Usage (MB),CPU_Num,Num_Threads,Open_Files,Context_Switches,Child Processes
1,0.0,24.8125,"[14, 26, 28]",4,2,5,2
2,49.3,142.86328125,"[14, 26, 28, 27]",6,3,17,3
3,44.4,143.6328125,"[14, 26, 28, 27]",6,3,26,3
4,38.4,145.47265625,"[14, 26, 28, 27]",6,3,34,3
5,39.4,145.953125,"[14, 26, 28, 27]",6,3,42,3
6,41.4,74.48046875,"[14, 26, 28, 26]",5,2,51,3
