Interval,CPU_Usage (%),Memory_Usage (MB),CPU_Num,Num_Threads,Open_Files,Context_Switches,Child Processes
1,0.0,4.89453125,[28],1,2,14,0
2,63.2,17.07421875,[28],1,2,1363,0
3,77.0,17.07421875,[28],1,2,2359,0
4,51.3,17.07421875,[28],1,2,4140,0
5,70.1,24.03125,[28],1,2,5366,0
