Interval,CPU_Usage (%),Memory_Usage (MB),CPU_Num,Num_Threads,Open_Files,Context_Switches
1,0.0,1.0625,4,1,0,0
2,0.0,3.17578125,4,1,1,2
3,0.0,3.17578125,4,1,1,2
4,0.0,3.17578125,4,1,1,2
5,0.0,3.17578125,4,1,1,2
6,0.0,3.17578125,4,1,1,2
7,0.0,3.17578125,4,1,1,2
8,0.0,3.17578125,4,1,1,2
9,0.0,3.17578125,4,1,1,2
10,0.0,3.17578125,4,1,1,2
