Interval,CPU_Usage (%),Memory_Usage (MB)
1,0.0,1.43359375
2,169.9,10.94140625
3,129.9,11.80859375
4,125.9,11.86328125
5,130.9,11.87109375
