Interval,CPU_Usage (%),Memory_Usage (MB)
1,0.0,1.375
2,201.9,11.08203125
3,163.9,11.9609375
4,166.9,11.96875
5,166.9,11.96875
6,165.9,12.01171875
7,163.9,12.01171875
8,169.9,12.03125
9,175.9,12.19921875
10,202.9,12.640625
11,226.9,15.07421875
12,139.9,15.23828125
13,353.8,15.41015625
14,346.8,16.109375
15,272.8,16.109375
16,200.9,16.109375
17,325.8,16.1171875
18,324.8,16.1171875
19,313.8,16.3046875
20,275.9,16.30859375
21,201.9,16.30859375
22,372.8,24.1875
