Interval,CPU_Usage (%),Memory_Usage (MB)
1,0.0,1.42578125
2,154.9,10.66015625
3,120.9,11.4921875
