Interval,CPU_Usage (%),Memory_Usage (MB),CPU_Num,Num_Threads,Open_Files,Context_Switches
1,0.0,1.375,12,1,0,0
2,171.8,10.70703125,13,33,2,2076
3,161.8,11.6640625,14,33,2,4838
4,149.9,11.6640625,15,33,2,7395
