Interval,CPU_Usage (%),Memory_Usage (MB)
1,0.0,1.375
2,191.9,11.359375
3,164.9,11.8984375
4,150.9,11.953125
5,131.9,11.953125
6,141.9,11.984375
7,138.9,11.984375
8,144.9,12.45703125
