Interval,CPU_Usage (%),Memory_Usage (MB)
1,0.0,1.4296875
2,191.9,11.19921875
3,161.9,11.6953125
4,161.9,11.78125
5,167.9,11.79296875
6,174.9,11.79296875
7,166.9,12.03125
8,147.9,12.04296875
9,139.9,12.04296875
10,139.9,12.04296875
11,205.9,14.0703125
12,184.9,15.3046875
13,101.9,15.3046875
14,298.8,16.18359375
