Interval,CPU_Usage (%),Memory_Usage (MB),CPU_Num,Num_Threads,Open_Files,Context_Switches,Child Processes
1,0.0,8.3984375,[4],33,2,24,0
2,168.8,19.46484375,[4],33,2,2023,0
3,125.4,21.37890625,[4],33,2,4102,0
4,113.6,22.83984375,[4],33,2,6049,0
5,105.6,23.47265625,[4],33,2,7705,0
