Interval,CPU_Usage (%),Memory_Usage (MB)
1,0.0,1.4296875
2,192.9,10.796875
3,160.9,11.82421875
4,161.9,12.08984375
5,144.9,12.08984375
6,152.9,12.11328125
7,130.9,12.11328125
8,142.9,12.203125
9,131.9,12.203125
10,149.9,12.203125
11,148.9,12.203125
12,264.8,14.83203125
13,120.9,14.83203125
14,303.8,15.95703125
