Interval,CPU_Usage (%),Memory_Usage (MB)
1,0.0,1.42578125
2,192.9,10.47265625
3,163.9,11.81640625
4,148.9,12.04296875
