Interval,CPU_Usage (%),Memory_Usage (MB)
1,0.0,1.3125
2,167.9,11.26953125
3,129.9,12.16796875
4,135.9,12.171875
5,181.9,12.17578125
6,170.9,12.17578125
7,168.9,12.17578125
8,173.9,11.66015625
