Interval,CPU_Usage (%),Memory_Usage (MB)
1,0.0,1.3671875
2,276.8,14.515625
3,178.9,16.05078125
