Interval,CPU_Usage (%),Memory_Usage (MB)
1,0.0,1.42578125
2,242.8,14.76953125
3,190.9,16.09765625
4,150.9,16.09765625
