Interval,CPU_Usage (%),Memory_Usage (MB),CPU_Num,Num_Threads,Open_Files,Context_Switches
1,0.0,1.703125,15,1,0,0
2,274.7,15.55859375,24,33,2,1944
3,178.8,16.08984375,24,33,2,4395
4,176.8,16.08984375,25,33,2,6917
5,143.9,16.08984375,13,33,2,9044
6,181.8,16.1640625,11,33,2,11312
7,164.8,16.1640625,11,33,2,14148
