Interval,CPU_Usage (%),Memory_Usage (MB)
1,0.0,1.48828125
2,237.9,14.8359375
3,184.9,15.984375
4,162.9,15.984375
5,139.9,15.984375
6,148.0,16.01171875
7,147.9,16.01171875
8,150.0,16.01171875
