Interval,CPU_Usage (%),Memory_Usage (MB)
1,0.0,1.4296875
2,270.8,15.546875
3,195.9,16.73046875
4,161.0,16.73046875
5,147.9,16.73046875
6,153.9,16.76953125
7,143.9,16.76953125
8,142.0,16.76953125
9,146.9,16.76953125
10,162.9,16.76953125
11,156.0,16.76953125
12,162.0,16.76953125
13,154.0,16.76953125
14,152.0,16.76953125
15,161.9,16.76953125
