Interval,CPU_Usage (%),Memory_Usage (MB)
1,0.0,0.54296875
2,234.9,14.3515625
3,181.9,15.75390625
4,155.9,15.77734375
5,146.9,15.77734375
6,145.9,15.80078125
7,146.9,15.80078125
8,132.0,15.80078125
9,125.0,15.80078125
10,136.0,15.80078125
11,143.0,15.80078125
12,140.0,15.80078125
13,127.0,15.80078125
14,136.0,15.80078125
15,140.9,15.80078125
16,138.9,15.94140625
17,139.9,15.94140625
