Interval,CPU_Usage (%),Memory_Usage (MB),CPU_Num,Num_Threads,Open_Files,Context_Switches
1,0.0,0.98046875,21,1,0,0
2,0.0,3.19140625,21,1,1,1
3,0.0,3.19140625,21,1,1,1
4,0.0,3.19140625,21,1,1,1
5,0.0,3.19140625,21,1,1,1
6,0.0,3.19140625,21,1,1,1
7,0.0,3.19140625,21,1,1,1
8,0.0,3.19140625,21,1,1,1
9,0.0,3.19140625,21,1,1,1
10,0.0,3.19140625,21,1,1,1
